Model,RMSE,Error Percentage
Linear Regression,4.621858102255402,18.374387518184694
Random Forest,2.883420225345959,8.088743938506374
k-Nearest Neighbors,4.220913653822673,14.122800044595396
Artificial Neural Network,3.373292856512494,12.933000867516913
LSTM,1.07445012936715,4.27222374585703
