Model,MSE,RMSE,MAE,Error Percentage
Linear Regression,21.361572317383906,4.621858102255402,3.44508630957658,18.374387518184694
Random Forest,8.314112195934142,2.883420225345959,1.5165904701117312,8.088743938506374
k-Nearest Neighbors,17.978608134758776,4.220913653822673,2.6479394231982503,14.122800044595396
Artificial Neural Network,10.557033695218651,3.2491589212007854,2.4031179023511484,12.817043064187883
LSTM,48.21956291866854,6.944030740043461,4.739732528000735,24.981564173509323
